Winery,Wine,Rating,num_reviews,Price,Country,Region,Food Pairings
Vinicola de Castilla,Palacio del Marques,3.5,58,2.0,España,Sin región,Sin maridaje
Calabuig,Tinto,3.5,2226,2.85,España,Sin región,Sin maridaje
Finca Venta de Don Quijote,Red Blend,3.0,63,2.96,España,Sin región,Sin maridaje
Castillo de Liria,Bobal - Shiraz,3.3,137,3.1,España,Sin región,Sin maridaje
Las Campanas,Selección Especial,3.7,185,3.25,España,Sin región,Sin maridaje
Dominio de Eguren,Protocolo Tinto,3.5,52,3.44,España,Sin región,Sin maridaje
J. Fernando,Barrica 6 Meses Tempranillo,3.6,53,3.47,España,Sin región,Sin maridaje
Schenk Spanish Wineries,Vega Libre Tinto,3.0,3320,3.5,España,Sin región,Sin maridaje
Canforrales,Clásico Tempranillo,3.5,1280,3.5,España,Sin región,Sin maridaje
Valcarlos,Fortius Roble,3.4,59,3.55,España,Sin región,Sin maridaje
Dominio de Eguren,Protocolo Tinto,3.6,246,3.69,España,Sin región,Sin maridaje
Volver,Espeto Tinto,3.5,32,3.7,España,Sin región,Sin maridaje
Osborne,Solaz Tempranillo,3.6,35,3.75,España,Sin región,Sin maridaje
Los Hermanos Manzanos,Tempranillo,3.6,194,3.79,España,Sin región,Sin maridaje
Marqués de Griñon,Tinto,3.2,128,3.81,España,Sin región,Sin maridaje
Calabuig,Tinto,3.7,435,3.85,España,Sin región,Sin maridaje
Ceremonia,Bobal Premium Varietal,3.3,440,3.89,España,Sin región,Sin maridaje
Puerto Alicante,Monastrell Selección,3.3,123,3.89,España,Sin región,Sin maridaje
Puerto Alicante,Monastrell Selección,3.3,123,3.89,España,Sin región,Sin maridaje
Don Frutos,Tinto,3.0,39,3.9,España,Sin región,Sin maridaje
Empordàlia,Verdera Negre,3.1,938,3.9,España,Sin región,Sin maridaje
Bodega Pirineos,Colección Monovarietal Montesierra Garnacha,3.6,49,3.9,España,Sin región,Sin maridaje
Volver,Espeto Tinto,3.5,32,3.9,España,Sin región,Sin maridaje
Mesta,Organic Tempranillo,3.4,1608,3.95,España,Sin región,Sin maridaje
Nuviana,Tinto,3.0,95,3.95,España,Sin región,Sin maridaje
Hoya de Cadenas,Merlot,3.2,275,3.99,España,Sin región,Sin maridaje
Hoya de Cadenas,Shiraz Crianza,3.4,519,3.99,España,Sin región,Sin maridaje
J. Fernando,Barrica 12 Meses Tempranillo,3.7,123,3.99,España,Sin región,Sin maridaje
Hoya de Cadenas,Cabernet Sauvignon Crianza,3.4,2032,3.99,España,Sin región,Sin maridaje
Ramón Roqueta,Synera Tinto,3.0,1792,4.0,España,Sin región,Sin maridaje
El Circo,Contorsionista Cabernet Sauvignon,3.3,1118,4.0,España,Sin región,Sin maridaje
Bodega Sommos,Glárima Merlot - Tempranillo,3.5,47,4.05,España,Sin región,Sin maridaje
Osborne,Solaz Tempranillo - Cabernet Sauvignon,3.7,226,4.05,España,Sin región,Sin maridaje
Félix Solís,Casa Albali Tempranillo - Shiraz,3.6,117,4.1,España,Sin región,Sin maridaje
Bodegas Ayuso,Estola Crianza,3.5,50,4.11,España,Sin región,Sin maridaje
Hoya de Cadenas,Reserva Tempranillo,3.5,464,4.15,España,Sin región,Sin maridaje
Bodegas Faustino,VII Tempranillo,3.6,964,4.15,España,Sin región,Sin maridaje
Félix Solís,Viña Albali Reserva,3.6,760,4.18,España,Sin región,Sin maridaje
Bodegas Estéban Martín,Vinem Garnacha - Syrah,3.3,2258,4.2,España,Sin región,Sin maridaje
Bodegas Aragonesas,Coto de Hayas Tempranillo - Cabernet Sauvignon Roble,3.6,71,4.2,España,Sin región,Sin maridaje
Falset Marçà,Imus Selection,3.4,143,4.22,España,Sin región,Sin maridaje
Mesta,Tempranillo Selección,3.3,91,4.25,España,Sin región,Sin maridaje
San Valero,Origium Roble,3.5,3419,4.25,España,Sin región,Sin maridaje
Cellers Domenys,Capvespre Origen Negre,3.3,61,4.25,España,Sin región,Sin maridaje
Félix Solís,Casa Albali Crianza,3.5,54,4.25,España,Sin región,Sin maridaje
Bodegas Vallobera,Crianza Rioja,3.6,628,4.26,España,Sin región,Sin maridaje
Berceo,Tempranillo,3.5,190,4.28,España,Sin región,Sin maridaje
Garriguella,Dinarells Tinto,3.2,570,4.3,España,Sin región,Sin maridaje
Finca Constancia,Altozano Tempranillo,3.7,98,4.3,España,Sin región,Sin maridaje
Alsina & Sarda,Vi de Terrer Onom,3.4,32,4.3,España,Sin región,Sin maridaje
Bach,Viña Extrísima Tinto,3.4,74,4.4,España,Sin región,Sin maridaje
Campo Viejo,Tempranillo,3.7,3578,4.4,España,Sin región,Sin maridaje
Poesia,Criança,3.1,363,4.4,España,Sin región,Sin maridaje
Poesia,Criança,3.1,363,4.4,España,Sin región,Sin maridaje
Bodegas Aragonesas,Coto de Hayas Garnacha - Syrah,3.3,1909,4.4,España,Sin región,Sin maridaje
Bodegas Faustino,VII Cabernet Sauvignon,3.6,296,4.4,España,Sin región,Sin maridaje
Pillet,Negre,2.4,51,4.42,España,Sin región,Sin maridaje
Azabache,Tunante de Azabache Tempranillo,3.6,89,4.45,España,Sin región,Sin maridaje
Rigau Ros,Criança,3.7,55,4.45,España,Sin región,Sin maridaje
Condesa de Leganza,Tempranillo,3.6,121,4.46,España,Sin región,Sin maridaje
Canforrales,Nature Syrah - Tempranillo,3.5,370,4.48,España,Sin región,Sin maridaje
Raiza,Altos de Raiza,3.5,1493,4.49,España,Sin región,Sin maridaje
Cellers Tarroné,Mas Tarroné Negre,3.0,651,4.49,España,Sin región,Sin maridaje
The Freaky Wines,Tempranillo,3.4,2916,4.49,España,Sin región,Sin maridaje
Murviedro,Colección Tempranillo,3.6,338,4.49,España,Sin región,Sin maridaje
Federico Paternina,Banda Azul Crianza,3.6,1116,4.49,España,Sin región,Sin maridaje
Malamigo,El Rebelde Red Blend,3.7,37,4.49,España,Sin región,Sin maridaje
Ca N'Estella,Clot Dels Oms Petit Tinto,3.4,32,4.5,España,Sin región,Sin maridaje
Poesia,Garnacha Negra,3.2,73,4.5,España,Sin región,Sin maridaje
Cellers Tarroné,Sisquera Tinto,3.3,903,4.5,España,Sin región,Sin maridaje
Bodegas Aragonesas,Solo Syrah Tirio,3.5,1774,4.5,España,Sin región,Sin maridaje
Pagos del Rey,Sentero Tinta de Toro Joven,3.7,110,4.5,España,Sin región,Sin maridaje
Poesia,Garnacha Negra,3.2,73,4.5,España,Sin región,Sin maridaje
Bodegas Yuntero,Tempranillo - Syrah,3.2,289,4.5,España,Sin región,Sin maridaje
Vina Herminia,Rioja Preferido,3.1,160,4.5,España,Sin región,Sin maridaje
Domeco de Jarauta,Viña Marro,3.7,707,4.5,España,Sin región,Sin maridaje
Las Campanas,Crianza,3.5,30,4.51,España,Sin región,Sin maridaje
Garriguella,Llepafils Negre,3.1,39,4.54,España,Sin región,Sin maridaje
Covila,II Tinto,3.1,184,4.55,España,Sin región,Sin maridaje
Volver,Madame Monastrell,3.7,121,4.55,España,Sin región,Sin maridaje
Murviedro,Colección Bobal Roble,3.7,708,4.55,España,Sin región,Sin maridaje
Séptimo Sentido,Tempranillo,3.5,3873,4.6,España,Sin región,Sin maridaje
Finca Venta de Don Quijote,Tango Rojo Syrah,3.2,159,4.6,España,Sin región,Sin maridaje
Pagos de Aráiz,Navarra Tinto Roble,3.6,2060,4.6,España,Sin región,Sin maridaje
Poesia,Criança,3.1,363,4.6,España,Sin región,Sin maridaje
Celler Batea,Torre del Moro Criança Tinto,3.5,194,4.67,España,Sin región,Sin maridaje
Infinitus,Syrah,3.1,916,4.7,España,Sin región,Sin maridaje
Don Diego Escolano,Gran Reserva,3.4,97,4.73,España,Sin región,Sin maridaje
Oliveda,Masia Oliveda Negre Jove,3.3,449,4.74,España,Sin región,Sin maridaje
Bodegas Cosme Palacio,Glorioso  Rioja Crianza,3.9,672,4.75,España,Sin región,Sin maridaje
Aldeya,Tinto,3.3,530,4.75,España,Sin región,Sin maridaje
Bodegas Aragonesas,Coto de Hayas Tempranillo - Cabernet Sauvignon Roble,3.4,4178,4.75,España,Sin región,Sin maridaje
El Aviador,Tempranillo,3.4,2499,4.8,España,Sin región,Sin maridaje
Poesia,Garnacha Negra,3.2,73,4.8,España,Sin región,Sin maridaje
Borsao Bodegas,Joven (Selección),3.3,42,4.85,España,Sin región,Sin maridaje
Bodegas Fontana,Dominio de Fontana Roble Tempranillo - Syrah,3.6,1607,4.85,España,Sin región,Sin maridaje
Dominio de Eguren,Códice,3.3,270,4.85,España,Sin región,Sin maridaje
Familia Torres,Sangre de Toro,3.5,61,4.85,España,Sin región,Sin maridaje
Marqués de Altillo,Tinto,3.3,1483,4.9,España,Sin región,Sin maridaje
Bodegas Javier San Pedro Ortega,Cueva de Lobos Joven,3.6,552,4.9,España,Sin región,Sin maridaje
Venta La Vega - Bodegas Almanseñas,Adaras Aldea,3.5,2223,4.9,España,Sin región,Sin maridaje
Vinicola de Castilla,Pago Peñuelas,3.3,33,4.9,España,Sin región,Sin maridaje
Particular,Garnacha,3.7,88,4.9,España,Sin región,Sin maridaje
Bodegas Aragonesas,Coto de Hayas Tempranillo - Cabernet Sauvignon Roble,3.6,241,4.9,España,Sin región,Sin maridaje
Altiplà Wines,El Destraler Negre,3.4,213,4.9,España,Sin región,Sin maridaje
Particular,Garnacha,3.6,1960,4.9,España,Sin región,Sin maridaje
Familia Torres,Sangre de Toro,3.5,40009,4.9,España,Sin región,Sin maridaje
Finca La Estacada,Envejecido 6 Meses En Barrica,3.5,2196,4.93,España,Sin región,Sin maridaje
Finca La Estacada,Envejecido 6 Meses En Barrica,3.5,2196,4.93,España,Sin región,Sin maridaje
Toresanas,Orot,3.6,85,4.95,España,Sin región,Sin maridaje
Tarón,Tempranillo,3.3,751,4.95,España,Sin región,Sin maridaje
Cellar Vins Algars,Organic Tinto,3.6,81,4.95,España,Sin región,Sin maridaje
Bodegas Cosme Palacio,Milflores Rioja Tinto,3.5,125,4.95,España,Sin región,Sin maridaje
Miedes,Crianza,3.5,215,4.95,España,Sin región,Sin maridaje
Azabache,Crianza,3.2,72,4.95,España,Sin región,Sin maridaje
Bodegas Príncipe de Viana,Colección Monovarietales Syrah Roble,3.3,1494,4.95,España,Sin región,Sin maridaje
Monte Ory,Crianza,3.5,214,4.95,España,Sin región,Sin maridaje
Marqués de Altillo,Tinto,3.3,1483,4.95,España,Sin región,Sin maridaje
Viñas del Vero,Roble Cabernet Sauvignon - Merlot Somontano,3.5,37,4.96,España,Sin región,Sin maridaje
Oliveda,Marrec Tinto,3.3,457,4.99,España,Sin región,Sin maridaje
Hoya de Cadenas,Reserva Privada,3.5,3304,4.99,España,Sin región,Sin maridaje
Félix Solís,The Guv’nor,4.0,22513,4.99,España,Sin región,Sin maridaje
Bodegas Piqueras,Castillo de Almansa Crianza,3.5,1757,4.99,España,Sin región,Sin maridaje
Bo,Bobal Único,3.6,3854,4.99,España,Sin región,Sin maridaje
El Miracle,No. 01,3.5,2457,4.99,España,Sin región,Sin maridaje
Esporão,Alandra Tinto,3.5,124,2.69,Portugal,Sin región,Sin maridaje
Terreiro,Alma do Tejo Colheita Seleccionada Tinto,3.8,42,2.99,Portugal,Sin región,Sin maridaje
Herdade Paço do Conde,Vinha do Conde Tinto,3.7,261,3.2,Portugal,Sin región,Sin maridaje
Castelo do Sulco,Seleção dos Enólogos,3.5,323,3.23,Portugal,Sin región,Sin maridaje
Vila Regia,Douro,3.5,169,3.38,Portugal,Sin región,Sin maridaje
Terreiro,Alma do Tejo Reserva Tinto,3.6,76,3.45,Portugal,Sin región,Sin maridaje
Cadão,Tinto,3.5,78,3.47,Portugal,Sin región,Sin maridaje
Desafinado,Tinto,3.6,947,3.49,Portugal,Sin región,Sin maridaje
Cabriz,C de Cabriz Tinto,3.3,439,3.5,Portugal,Sin región,Sin maridaje
Conto,Syrah,3.9,115,3.66,Portugal,Sin región,Sin maridaje
Casa Ermelinda Freitas,Terras Do Pó Tinto,3.5,6537,3.67,Portugal,Sin región,Sin maridaje
Burmester,Tavedo Douro,3.7,158,3.75,Portugal,Sin región,Sin maridaje
Bacalhôa,Serras de Azeitão Tinto,3.6,46,3.76,Portugal,Sin región,Sin maridaje
Fiuza,3 Castas Tinto,3.3,3118,3.76,Portugal,Sin región,Sin maridaje
AdegaMãe,Pinta Negra Tinto,3.8,56,3.79,Portugal,Sin región,Sin maridaje
AdegaMãe,Copo 3 Tinto,4.0,340,3.79,Portugal,Sin región,Sin maridaje
Marquês de Marialva,Colheita Seleccionada Tinto,3.8,289,3.83,Portugal,Sin región,Sin maridaje
Favaios,Casa Velha Tinto,3.7,82,3.84,Portugal,Sin región,Sin maridaje
Grão Vasco,Dão Tinto,3.6,80,3.94,Portugal,Sin región,Sin maridaje
Vila Real,Reserva Tinto,3.8,318,4.01,Portugal,Sin región,Sin maridaje
Bacalhôa,Quatro Ventos,3.7,2242,4.09,Portugal,Sin región,Sin maridaje
Vinha do Monte,Alentejano Tinto,3.6,107,4.1,Portugal,Sin región,Sin maridaje
Herdade Monte Da Cal,Colheita Seleccionada Tinto,3.6,1894,4.16,Portugal,Sin región,Sin maridaje
Montaria,Reserva Alentejano Tinto,3.6,34,4.17,Portugal,Sin región,Sin maridaje
Castelo do Sulco,Seleção dos Enólogos Reserva Tinto,3.8,70,4.25,Portugal,Sin región,Sin maridaje
Costa Boal Family Estates,Flor do Tua Tinto,3.8,50,4.25,Portugal,Sin región,Sin maridaje
Lab,Tinto,3.7,197,4.29,Portugal,Sin región,Sin maridaje
Bacalhôa,Alabastro Tinto,3.7,496,4.35,Portugal,Sin región,Sin maridaje
José Maria da Fonseca,Periquita Tinto (Original),3.7,571,4.35,Portugal,Sin región,Sin maridaje
Esporão,Monte Velho Tinto,3.7,335,4.38,Portugal,Sin región,Sin maridaje
Quinta das Cerejeiras,Lisboa Tinto,4.0,158,4.4,Portugal,Sin región,Sin maridaje
Quinta do Sanguinhal,Casabel Tinto,3.7,765,4.42,Portugal,Sin región,Sin maridaje
Arca Nova,Vinho Verde Vinhão,3.5,536,4.52,Portugal,Sin región,Sin maridaje
Joao Portugal Ramos,Pouca Roupa Tinto,3.6,45,4.52,Portugal,Sin región,Sin maridaje
Quinta da Espiga,Tinto,3.7,221,4.52,Portugal,Sin región,Sin maridaje
Bridão,Syrah,3.7,54,4.69,Portugal,Sin región,Sin maridaje
Vidigal,Reserva Lisboa,3.7,277,4.69,Portugal,Sin región,Sin maridaje
Porca de Murca,Tinto,3.8,1168,4.8,Portugal,Sin región,Sin maridaje
Herdade da Pimenta,Preta,3.9,59,4.8,Portugal,Sin región,Sin maridaje
AdegaMãe,Dory Tinto,3.7,45,4.86,Portugal,Sin región,Sin maridaje
Herdade Paço do Conde,Alentejano Tinto,3.7,68,4.87,Portugal,Sin región,Sin maridaje
Beyra,Tinto,3.6,1536,4.88,Portugal,Sin región,Sin maridaje
Conde de Vimioso,Colheita Seleccionada Tinto,3.5,29,4.88,Portugal,Sin región,Sin maridaje
Lagoalva,Tinto,3.6,454,4.96,Portugal,Sin región,Sin maridaje
Fiuza,3 Castas Reserva,3.8,66,5.03,Portugal,Sin región,Sin maridaje
AdegaMãe,Pinta Negra Reserva Tinto,3.8,58,5.15,Portugal,Sin región,Sin maridaje
Castello d'Alba,Reserva,3.9,247,5.15,Portugal,Sin región,Sin maridaje
Quinta dos Carvalhais,Duque de Viseu Tinto,3.9,27,5.24,Portugal,Sin región,Sin maridaje
Casa Ferreirinha,Esteva Douro,3.7,66678,5.25,Portugal,Sin región,Sin maridaje
Herdade de São Miguel,Colheita Seleccionada Tinto,4.0,1483,5.25,Portugal,Sin región,Sin maridaje
Porta 6,Tinto,3.7,564,5.3,Portugal,Sin región,Sin maridaje
Caves São João,Frei João,3.8,72,5.42,Portugal,Sin región,Sin maridaje
Fafide,Colheita Tinto,3.6,718,5.42,Portugal,Sin región,Sin maridaje
Quinta dos Termos,Tinto,3.8,209,5.48,Portugal,Sin región,Sin maridaje
Casa Cadaval,Colheita Tinto,3.6,113,5.49,Portugal,Sin región,Sin maridaje
Murganheira,Tinto,3.5,726,5.53,Portugal,Sin región,Sin maridaje
Casa Cadaval,Padre Pedro Tinto,3.4,1585,5.53,Portugal,Sin región,Sin maridaje
Raposeira,Tinto,3.5,901,5.54,Portugal,Sin región,Sin maridaje
Cadão,Reserva Tinto,3.8,192,5.59,Portugal,Sin región,Sin maridaje
Quinta do Carmo,Dom Martinho Tinto,3.8,294,5.64,Portugal,Sin región,Sin maridaje
Casa da Passarella,A Descoberta Colheita Tinto,3.8,34,5.64,Portugal,Sin región,Sin maridaje
Cabriz,Colheita Seleccionada Tinto,3.8,377,5.79,Portugal,Sin región,Sin maridaje
Quinta do Pinto,Terroir Expressions,3.7,67,5.81,Portugal,Sin región,Sin maridaje
Quinta do Pinto,Terroir Expressions,3.7,67,5.81,Portugal,Sin región,Sin maridaje
Montes Ermos,Reserva Tinto,3.8,108,5.82,Portugal,Sin región,Sin maridaje
Tiago Cabaço,.com Tinto,3.5,340,5.82,Portugal,Sin región,Sin maridaje
Manz,Lisboa Tinto,3.9,236,5.88,Portugal,Sin región,Sin maridaje
Lavradores de Feitoria,Douro Tinto,4.1,129,5.88,Portugal,Sin región,Sin maridaje
Lua Cheia - Saven,Em Vinhas Velhas Tinto,3.7,6342,5.92,Portugal,Sin región,Sin maridaje
Serrano Mira,Monte das Servas Tinto,3.7,93,5.93,Portugal,Sin región,Sin maridaje
Manz,Penedo do Lexim,3.7,61,5.93,Portugal,Sin región,Sin maridaje
Raul A. Riba d'Ave,Cancela de Abreu & Riba d'Ave Tinto,3.9,362,5.96,Portugal,Sin región,Sin maridaje
Quinta do Pinto,Vinhas do Lasso Colheita Seleccionada Tinto,3.9,190,5.99,Portugal,Sin región,Sin maridaje
Herdade da Calada,Vale da Calada Tinto,3.9,122,5.99,Portugal,Sin región,Sin maridaje
João Clara,Às Claras Tinto,3.8,47,5.99,Portugal,Sin región,Sin maridaje
Ravasqueira,Syrah,3.9,110,6.05,Portugal,Sin región,Sin maridaje
Herdade da Calada,Porta da Calada Tinto,3.6,111,6.05,Portugal,Sin región,Sin maridaje
Joao Portugal Ramos,Marquês de Borba Tinto,3.7,86,6.16,Portugal,Sin región,Sin maridaje
Terreiro,Alma do Tejo Tinto,3.5,202,6.21,Portugal,Sin región,Sin maridaje
Esporão,Assobio Douro,3.8,345,6.24,Portugal,Sin región,Sin maridaje
Monte da Raposinha,Raposinha Red,3.8,266,6.27,Portugal,Sin región,Sin maridaje
Conceito,Flip,3.7,84,6.41,Portugal,Sin región,Sin maridaje
Fiuza,Cabernet Sauvignon,3.8,74,6.49,Portugal,Sin región,Sin maridaje
Colinas de São Lourenço,Bairrada Red,3.7,56,6.5,Portugal,Sin región,Sin maridaje
Feuerheerd's,Douro Tinto,3.6,29,6.5,Portugal,Sin región,Sin maridaje
Herdade do Peso,Trinca Bolotas Alentejo Tinto,3.8,109,6.61,Portugal,Sin región,Sin maridaje
Luis Duarte,Artefacto Colheita Seleccionada Touriga Nacional,3.8,112,6.66,Portugal,Sin región,Sin maridaje
Quinta do Gradil,Tinto 1492,3.8,431,6.67,Portugal,Sin región,Sin maridaje
Beyra,Tinto,3.7,39,6.67,Portugal,Sin región,Sin maridaje
Quinta do Gradil,Syrah,4.0,25,6.67,Portugal,Sin región,Sin maridaje
Esporão,Defesa Tinto,3.6,64,6.72,Portugal,Sin región,Sin maridaje
Evel,Douro Tinto,3.8,148,6.77,Portugal,Sin región,Sin maridaje
Bacalhôa,Catarina Tinto,3.9,280,6.77,Portugal,Sin región,Sin maridaje
Adega Ponte da Barca,Reserva Vinhão,3.8,248,6.77,Portugal,Sin región,Sin maridaje
Ravasqueira,Encantado Tinto,3.8,112,6.78,Portugal,Sin región,Sin maridaje
Monte das Talhas,Reserva,3.8,893,6.86,Portugal,Sin región,Sin maridaje
Poças,Trava Línguas Tinto,3.7,213,6.87,Portugal,Sin región,Sin maridaje
Familia Margaça - Sociedade Agricola de Pias,Familia Margaça Vinha do Furo Tinto,3.8,68,6.89,Portugal,Sin región,Sin maridaje
Evidência,Reserva Touriga Nacional,4.0,58,6.95,Portugal,Sin región,Sin maridaje
Kopke,Douro Tinto,3.6,6329,6.96,Portugal,Sin región,Sin maridaje
Villa Alvor,Tinto,3.6,123,6.99,Portugal,Sin región,Sin maridaje
Vila Real,Grande Reserva Tinto,3.9,165,6.99,Portugal,Sin región,Sin maridaje
Ciconia,Reserva Tinto Blend,4.0,130,7.01,Portugal,Sin región,Sin maridaje
Bota Velha,Reserva Tinto,3.7,74,7.01,Portugal,Sin región,Sin maridaje
Raul A. Riba d'Ave,Sílica Tinto,3.8,213,7.09,Portugal,Sin región,Sin maridaje
Esporão,Monte Velho Tinto,3.8,4075,7.24,Portugal,Sin región,Sin maridaje
Quinta de São Sebastião,Touriga Nacional,3.8,243,7.33,Portugal,Sin región,Sin maridaje
Seara d'Ordens,Quinta do Carqueijal Tinto,3.6,44,7.37,Portugal,Sin región,Sin maridaje
Herdade Paço do Conde,Alicante Bouschet,4.0,194,7.38,Portugal,Sin región,Sin maridaje
Herdade Paço do Conde,Syrah,3.8,101,7.38,Portugal,Sin región,Sin maridaje
Herdade Paço do Conde,Touriga Nacional - Syrah,3.9,1578,7.38,Portugal,Sin región,Sin maridaje
Quinta da Biaia,Tinto,3.8,259,7.4,Portugal,Sin región,Sin maridaje
Vicentino,Tinto,3.8,72,7.44,Portugal,Sin región,Sin maridaje
Casa Ferreirinha,Papa Figos Douro,4.0,2021,7.45,Portugal,Sin región,Sin maridaje
Lab,Reserva Tinto,3.6,248,7.48,Portugal,Sin región,Sin maridaje
Quinta das Tecedeiras,Flor das Tecedeiras,3.9,30,7.57,Portugal,Sin región,Sin maridaje
José Maria da Fonseca,Periquita Reserva,3.9,475,7.57,Portugal,Sin región,Sin maridaje
Porta 6,Reserva,3.9,38,7.75,Portugal,Sin región,Sin maridaje
Luis Pato,Baga - Touriga Nacional,3.7,162,7.79,Portugal,Sin región,Sin maridaje
Niepoort,Dão Rótulo Tinto,3.7,118,7.86,Portugal,Sin región,Sin maridaje
Niepoort,Diálogo Tinto,3.8,626,7.86,Portugal,Sin región,Sin maridaje
Bridão,Alicante Bouschet Colheita Seleccionada,4.0,853,7.9,Portugal,Sin región,Sin maridaje
Quinta do Vallado,Tinto,3.9,690,7.9,Portugal,Sin región,Sin maridaje
Niepoort,Douro Fabelhaft Tinto,3.7,392,7.9,Portugal,Sin región,Sin maridaje
José Maria da Fonseca,José de Sousa Alentejano,3.9,177,7.91,Portugal,Sin región,Sin maridaje
Château de Lavagnac,Bordeaux,3.6,76,4.1,Francia,Sin región,Sin maridaje
Château de Callac,Graves Rouge,3.6,220,4.5,Francia,Sin región,Sin maridaje
Les Hauts de Palette,Chateau du Barail Bordeaux,3.3,377,4.6,Francia,Sin región,Sin maridaje
Château Lacoste Garzac,Bordeaux,3.4,2013,4.67,Francia,Sin región,Sin maridaje
Château Haut Bernin,Bordeaux,3.3,68,4.9,Francia,Sin región,Sin maridaje
Château de Brandey,Bordeaux Rouge,3.6,330,4.9,Francia,Sin región,Sin maridaje
Château La Fleur Saint-Jean,Bordeaux,3.6,164,4.95,Francia,Sin región,Sin maridaje
Lafleur Chevalier,Bordeaux,3.3,88,5.0,Francia,Sin región,Sin maridaje
Château Roquefort,Bordeaux Rouge,3.7,2867,5.0,Francia,Sin región,Sin maridaje
Les Vignerons des Albères,Malicieuse Syrah,3.4,49,5.05,Francia,Sin región,Sin maridaje
Vignerons Catalans,4 Saisons Cabernet Sauvignon,3.4,309,5.1,Francia,Sin región,Sin maridaje
Château Reindent,Bordeaux Supérieur,3.7,78,5.27,Francia,Sin región,Sin maridaje
Marquille,Bordeaux Rouge,2.6,106,5.4,Francia,Sin región,Sin maridaje
Arnaud de Villeneuve,To Bi or Not To Bi Merlot - Grenache,3.3,80,5.4,Francia,Sin región,Sin maridaje
Château La Galante,Bordeaux Supérieur,3.6,317,5.45,Francia,Sin región,Sin maridaje
Pierrick Harang,Le Petit Balthazar Merlot,3.0,38,5.5,Francia,Sin región,Sin maridaje
Piaugier,Les Ramières,3.6,88,5.5,Francia,Sin región,Sin maridaje
Les Vignerons de Buzet,Roches d'Hillac,3.3,718,5.86,Francia,Sin región,Sin maridaje
Les Vignerons des Albères,Vieilles Vignes Grenache,3.7,93,5.9,Francia,Sin región,Sin maridaje
Château Montesquieu des Albères,Côtes du Roussillon Rouge,3.6,36,5.9,Francia,Sin región,Sin maridaje
Château Haut Maurin,Bordeaux Rouge,3.4,31,5.9,Francia,Sin región,Sin maridaje
Château Coustaut la Grangeotte,Bordeaux Rouge,3.6,98,5.9,Francia,Sin región,Sin maridaje
Demon Noir,Rouge,3.8,29,5.9,Francia,Sin región,Sin maridaje
Tarani,Millesimé Rouge,4.0,95,5.9,Francia,Sin región,Sin maridaje
Château de Callac,Graves Rouge,3.7,111,5.94,Francia,Sin región,Sin maridaje
Vignerons de Tautavel Vingrau,Le Cirque Rouge,3.6,40,5.95,Francia,Sin región,Sin maridaje
Marrenon,Les Grains Pinot Noir Cuvée Rare,3.4,133,5.99,Francia,Sin región,Sin maridaje
Château Gabelot,Bordeaux,3.7,29,6.0,Francia,Sin región,Sin maridaje
Château des Graves,Bordeaux Supérieur,3.6,281,6.0,Francia,Sin región,Sin maridaje
Château du Juge,Bordeaux Rouge,3.5,136,6.0,Francia,Sin región,Sin maridaje
Lavau,Koudiat Côtes-du-Rhône,3.7,430,6.0,Francia,Sin región,Sin maridaje
Abbe Rous,Malis Rouge,3.5,141,6.05,Francia,Sin región,Sin maridaje
Raoul Mapoul,Rouge,3.8,111,6.1,Francia,Sin región,Sin maridaje
La Belle Angèle,Merlot,3.4,848,6.25,Francia,Sin región,Sin maridaje
La Belle Angèle,Syrah,3.6,26,6.25,Francia,Sin región,Sin maridaje
Uby,No. 7 Tannat - Merlot,3.6,1914,6.25,Francia,Sin región,Sin maridaje
La Belle Angèle,Syrah,3.3,1260,6.25,Francia,Sin región,Sin maridaje
Semper,Squerda Côtes du Roussillon Villages 'Lesquerde',3.7,320,6.3,Francia,Sin región,Sin maridaje
Château du Juge,Bordeaux Supérieur Rouge,3.3,78,6.3,Francia,Sin región,Sin maridaje
Château Hauchat,Fronsac,3.7,207,6.5,Francia,Sin región,Sin maridaje
Château du Juge,Bordeaux Supérieur Rouge,3.3,26,6.5,Francia,Sin región,Sin maridaje
Château l'Ombrière,Bordeaux Supérieur,3.6,764,6.5,Francia,Sin región,Sin maridaje
Château Galau,Côtes de Bourg,3.6,39,6.5,Francia,Sin región,Sin maridaje
Château Galau,Côtes de Bourg,3.6,633,6.5,Francia,Sin región,Sin maridaje
Château Galau,Côtes de Bourg,3.6,63,6.5,Francia,Sin región,Sin maridaje
Château Bellevue,Bordeaux Supérieur,3.8,42,6.5,Francia,Sin región,Sin maridaje
Domaine de la Citadelle,Court Métrage Rouge,3.5,235,6.5,Francia,Sin región,Sin maridaje
Château Le Bourdillot,La Gravette des Lucques Bordeaux Supérieur,3.7,444,6.5,Francia,Sin región,Sin maridaje
Château La Guillaumette,Bordeaux,3.5,432,6.5,Francia,Sin región,Sin maridaje
Domaine de Pellehaut,Harmonie de Gascogne Rouge,3.8,56,6.5,Francia,Sin región,Sin maridaje
Château Greteau Medeville,Bordeaux Supérieur,3.5,238,6.7,Francia,Sin región,Sin maridaje
Marrenon,Les Meridiennes Rouge,3.1,41,6.75,Francia,Sin región,Sin maridaje
Cellier des Chartreux,Cuvée des Chartreux Belle Emilie Rouge,3.4,1086,6.88,Francia,Sin región,Sin maridaje
Cellier des Chartreux,Le Chant du Merle Merlot,3.5,368,6.88,Francia,Sin región,Sin maridaje
Cellier des Chartreux,CAB Grand Prébos Cabernet Sauvignon,4.1,45,6.88,Francia,Sin región,Sin maridaje
Gérard Bertrand,Autrement Merlot,3.5,108,6.9,Francia,Sin región,Sin maridaje
Singla,Cuve No. 5,3.9,127,6.9,Francia,Sin región,Sin maridaje
Gérard Bertrand,Naturae Cabernet Sauvignon,3.7,98,6.9,Francia,Sin región,Sin maridaje
Domaine Saint Jean de la Cavalerie,Grande Reserve Merlot - Cabernet,3.7,704,6.9,Francia,Sin región,Sin maridaje
Gérard Bertrand,6ème Sens Rouge,3.6,177,6.9,Francia,Sin región,Sin maridaje
Yvon Mau,Revelations d'Hubert de Bouard Château Boutillot Bordeaux,3.7,33,6.9,Francia,Sin región,Sin maridaje
Domaine Les Prunelles,Merlot,3.3,39,6.9,Francia,Sin región,Sin maridaje
Les Vignerons du Sommiérois,Tiberius Rouge,3.2,174,6.9,Francia,Sin región,Sin maridaje
Gérard Bertrand,Autrement Cabernet Sauvignon,3.5,38,6.9,Francia,Sin región,Sin maridaje
Gérard Bertrand,Naturae Merlot,3.6,147,6.9,Francia,Sin región,Sin maridaje
Gérard Bertrand,Naturae Syrah,3.6,104,6.9,Francia,Sin región,Sin maridaje
Innowine,Cépage Libre Rouge,3.5,393,6.94,Francia,Sin región,Sin maridaje
Premius,La Réserve Bordeaux Supérieur,3.6,115,6.95,Francia,Sin región,Sin maridaje
Château du Donjon,Le P'tit Coup Rouge,3.5,235,6.95,Francia,Sin región,Sin maridaje
Oisly Thésée,Vallée des Rois Gamay Touraine,3.6,62,6.95,Francia,Sin región,Sin maridaje
Domaine de La Bastide - Vincent & Stéphanie Boyer,Côtes-du-Rhône Rouge,3.7,1199,6.99,Francia,Sin región,Sin maridaje
Les Jamelles,Mourvèdre,3.9,103,6.99,Francia,Sin región,Sin maridaje
Gratien & Meyer,Saumur Champigny,3.3,211,7.0,Francia,Sin región,Sin maridaje
Domaine des Pasquiers,Vaucluse,3.4,393,7.0,Francia,Sin región,Sin maridaje
Marrenon,Capella,3.7,33,7.02,Francia,Sin región,Sin maridaje
Domaine de Tara,Terre d'Ocres Rouge,3.5,44,7.02,Francia,Sin región,Sin maridaje
Gayda,Flying Solo Grenache - Syrah,3.4,3367,7.15,Francia,Sin región,Sin maridaje
Dom Brial,Les Camines Rouge,3.9,35,7.15,Francia,Sin región,Sin maridaje
Blason Timberlay,Bordeaux Merlot - Cabernet Sauvignon,3.3,38,7.2,Francia,Sin región,Sin maridaje
Bruno Andreu,Aromatic Merlot,3.5,99,7.2,Francia,Sin región,Sin maridaje
Château Morillon,Bordeaux Rouge,3.4,57,7.2,Francia,Sin región,Sin maridaje
Domaine Deshenrys,Syrah - Merlot,3.3,302,7.25,Francia,Sin región,Sin maridaje
Clos del Rey,Baby del Rey,3.7,69,7.25,Francia,Sin región,Sin maridaje
Leblanc - Domaine les Closserons,Andecavum Rúbéus,3.8,37,7.3,Francia,Sin región,Sin maridaje
Les Vignerons du Sommiérois,Rouge Tauride,3.6,26,7.3,Francia,Sin región,Sin maridaje
Les Jamelles,Merlot,3.6,4980,7.3,Francia,Sin región,Sin maridaje
Chateau des Hospices,Nova Ona Rouge,3.7,114,7.3,Francia,Sin región,Sin maridaje
La Belle Angèle,Pinot Noir,3.5,2014,7.3,Francia,Sin región,Sin maridaje
Château de Châteauneuf,Bordeaux,3.3,691,7.3,Francia,Sin región,Sin maridaje
Château de Péna,Ninet de Péna Rouge,3.5,213,7.3,Francia,Sin región,Sin maridaje
Chateau des Hospices,Nova Ona Rouge,3.7,114,7.3,Francia,Sin región,Sin maridaje
Vignobles Jonqueres d'Oriola,Villa d'Oriola Les Terrasses Rouge,3.7,31,7.3,Francia,Sin región,Sin maridaje
Les Jamelles,Grenache Rouge,3.8,1145,7.3,Francia,Sin región,Sin maridaje
Domaine d'Aubaret,Merlot,3.4,46,7.34,Francia,Sin región,Sin maridaje
Vinovalie,Sang Mêlé,4.1,146,7.35,Francia,Sin región,Sin maridaje
Emmanuel Fellot Vigneron,Vieilles Vignes Beaujolais Nouveau,3.4,64,7.35,Francia,Sin región,Sin maridaje
Les Goubert,Côtes-du-Rhône,3.5,181,7.38,Francia,Sin región,Sin maridaje
Domaine Piquemal,Justin Côtes Catalanes,3.4,114,7.4,Francia,Sin región,Sin maridaje
EnvyFol,Merlot,3.7,256,7.4,Francia,Sin región,Sin maridaje
EnvyFol,G.S.M,3.9,35,7.4,Francia,Sin región,Sin maridaje
Domaine Deshenrys,Marselan Edition Solo,3.5,33,7.4,Francia,Sin región,Sin maridaje
Les Jamelles,Syrah,3.7,78,7.4,Francia,Sin región,Sin maridaje
EnvyFol,Syrah,3.7,333,7.4,Francia,Sin región,Sin maridaje
Gérard Bertrand,Naturae Minervois Sans Sulfites Ajoutés,3.6,37,7.4,Francia,Sin región,Sin maridaje
Colette & Léon,Beaujolais Villages Rouge,3.6,32,7.43,Francia,Sin región,Sin maridaje
Château de Macard,Bordeaux Supérieur,3.7,60,7.43,Francia,Sin región,Sin maridaje
Gérard Bertrand,Autrement Corbières,3.3,154,7.45,Francia,Sin región,Sin maridaje
Château Gravelines,Aliénor Côtes de Bordeaux Rouge,3.6,162,7.45,Francia,Sin región,Sin maridaje
Gérard Bertrand,Naturae Corbières,3.5,648,7.45,Francia,Sin región,Sin maridaje
Gérard Bertrand,Autrement Languedoc,3.3,317,7.45,Francia,Sin región,Sin maridaje
Les Vignerons de Buzet,Tradition Rouge,3.5,143,7.5,Francia,Sin región,Sin maridaje
Jerome Quiot,Côtes du Rhône,3.5,358,7.5,Francia,Sin región,Sin maridaje
Pelvillain Vins,Côt Côt Côt Malbec,3.8,212,7.5,Francia,Sin región,Sin maridaje
Chateau Amanieu d'Albret,L'Initial Bordeaux,3.8,68,7.5,Francia,Sin región,Sin maridaje
Marrenon,Classique Luberon,3.7,127,7.5,Francia,Sin región,Sin maridaje
Les Notables de Maucaillou,Le B de Maucaillou,3.7,1062,7.5,Francia,Sin región,Sin maridaje
Château Cantelaube,Château Puy Longa Bordeaux,3.6,120,7.5,Francia,Sin región,Sin maridaje
Château Reindent,Bordeaux Supérieur,3.7,197,7.5,Francia,Sin región,Sin maridaje
Domaine de Gournier,Demain...! Syrah,3.8,62,7.5,Francia,Sin región,Sin maridaje
Domaine la Provenquière,Cuvée P Cabernet Franc - Merlot,3.7,215,7.5,Francia,Sin región,Sin maridaje
Château Franc-Baudron,Recto Bordeaux,3.6,143,7.5,Francia,Sin región,Sin maridaje
Yvon Mau,Best Bordeaux Quality,3.1,136,7.5,Francia,Sin región,Sin maridaje
Le Clos des Suds,Bagatelle,3.8,29,7.5,Francia,Sin región,Sin maridaje
Sainte Marie des Crozes,La 4ème Corbières,3.8,258,7.5,Francia,Sin región,Sin maridaje
Château Adelaide,Cuvée Tradition Rouge,3.8,27,7.5,Francia,Sin región,Sin maridaje
Maggio Vini,Pithoi Nero d'Avola,3.4,266,3.9,Italia,Sin región,Sin maridaje
Rocca Bastia,Cabernet,3.3,202,4.3,Italia,Sin región,Sin maridaje
Contrada Monte,Negroamaro,3.2,254,4.3,Italia,Sin región,Sin maridaje
Nuttata,Nerello Mascalese,3.1,200,4.5,Italia,Sin región,Sin maridaje
Nuttata,Frappato,3.3,240,4.5,Italia,Sin región,Sin maridaje
Nuttata,Nero d'Avola,3.1,429,4.5,Italia,Sin región,Sin maridaje
Grottarossa,Rosso Degli Scudi Syrah,3.5,26,4.5,Italia,Sin región,Sin maridaje
Grottarossa,Rosso degli Scudi Nero d'Avola,3.4,388,4.5,Italia,Sin región,Sin maridaje
Vivabío,Syrah,3.5,65,4.6,Italia,Sin región,Sin maridaje
Fondo Antico,I Versi Rosso,3.3,357,4.76,Italia,Sin región,Sin maridaje
Carpineto,Toscana di Novello,3.5,66,4.78,Italia,Sin región,Sin maridaje
Fantini,Primo Sangiovese - Merlot,3.7,3132,4.8,Italia,Sin región,Sin maridaje
Pirovano,Collezione Cabernet,3.7,37,4.8,Italia,Sin región,Sin maridaje
Contrada Monte,Primitivo,3.3,1043,4.8,Italia,Sin región,Sin maridaje
Poggio di Venere,Syrah,3.2,25,4.83,Italia,Sin región,Sin maridaje
Azienda Vinicola Losito e Guarini,Millenovecentodieci Nero di Troia,3.4,79,4.9,Italia,Sin región,Sin maridaje
Pasqua Vigneti e Cantine,Montepulciano d’Abruzzo ,3.7,39,5.2,Italia,Sin región,Sin maridaje
Canapi,Nero d'Avola,3.4,1666,5.2,Italia,Sin región,Sin maridaje
Canapi,Shiraz,3.5,583,5.2,Italia,Sin región,Sin maridaje
Pirovano,Collezione Nero d'Avola,3.7,987,5.3,Italia,Sin región,Sin maridaje
Torri Cantine,With Love BBQ & Bistecca Syrah,3.5,34,5.4,Italia,Sin región,Sin maridaje
Cantine Silvestri,Castelli Romani Rosso,3.2,829,5.5,Italia,Sin región,Sin maridaje
Pirovano,Collezione Cabernet,3.6,202,5.5,Italia,Sin región,Sin maridaje
Pirovano,Collezione Primitivo,3.8,3813,5.5,Italia,Sin región,Sin maridaje
Piersanti,L'Agreste Conero Rosso,3.5,29,5.6,Italia,Sin región,Sin maridaje
Riondo,Merlot,3.6,705,5.63,Italia,Sin región,Sin maridaje
Cavalchina,Bardolino,3.7,253,5.65,Italia,Sin región,Sin maridaje
Sanmartino,Refosco dal Peduncolo Rosso,3.5,136,5.7,Italia,Sin región,Sin maridaje
Cantine Pellegrino,Tareni Frappato,3.6,1984,5.7,Italia,Sin región,Sin maridaje
Pieve Castelletto,Chianti,3.0,943,5.7,Italia,Sin región,Sin maridaje
Sanmartino,Cabernet,3.2,79,5.7,Italia,Sin región,Sin maridaje
Riondo,Corvina Veronese,3.9,151,5.74,Italia,Sin región,Sin maridaje
Duca di Salaparuta,Corvo,4.1,189,5.8,Italia,Sin región,Sin maridaje
Cantina Colomba Bianca,Kore Nero d'Avola,3.8,936,5.8,Italia,Sin región,Sin maridaje
Noi Vignaioli Piemontesi,Barbera,3.1,41,5.8,Italia,Sin región,Sin maridaje
Casalforte,Merlot,3.6,407,5.9,Italia,Sin región,Sin maridaje
Casalforte,Corvina Veronese,3.7,171,5.9,Italia,Sin región,Sin maridaje
Maggio Vini,Antura Nero d'Avola,3.8,297,5.9,Italia,Sin región,Sin maridaje
Piccini,Così Chianti Biologico,3.6,48,5.9,Italia,Sin región,Sin maridaje
Ippolito 1845,Cirò Rosso Classico,3.2,355,6.0,Italia,Sin región,Sin maridaje
Cantina Sant'Andrea,Riflessi Rosso,3.5,508,6.0,Italia,Sin región,Sin maridaje
Borga,Cabernet Franc,3.5,206,6.1,Italia,Sin región,Sin maridaje
Vinosia Luciano Ercolino,Orus Negroamaro,3.7,58,6.16,Italia,Sin región,Sin maridaje
Stocco,Pinot Nero,3.6,198,6.2,Italia,Sin región,Sin maridaje
Stocco,Refosco dal Penduncolo Rosso,3.7,60,6.2,Italia,Sin región,Sin maridaje
Corvo,Glicine Rosso,3.5,1528,6.25,Italia,Sin región,Sin maridaje
Azienda Vinicola Losito e Guarini,C'Era Una Volta Il Buttafuoco,3.6,217,6.43,Italia,Sin región,Sin maridaje
Azienda Vinicola Losito e Guarini,C'Era Una Volta Il Pinot Noir,3.2,505,6.43,Italia,Sin región,Sin maridaje
Torrevento,Castel del Monte Bolonero,3.5,5488,6.44,Italia,Sin región,Sin maridaje
Barone Montalto,Due Mondi Nero d'Avola,3.7,26,6.5,Italia,Sin región,Sin maridaje
Lamberti,Ca'Preella Bardolino,3.3,161,6.5,Italia,Sin región,Sin maridaje
Vinicola del Sannio,Vignolè Falanghina del Sannio,3.1,55,6.5,Italia,Sin región,Sin maridaje
Cantina Vignaioli del Morellino di Scansano,Scantianum  Sangiovese,3.7,1442,6.5,Italia,Sin región,Sin maridaje
Barone Montalto,Due Mondi Syrah,3.5,25,6.5,Italia,Sin región,Sin maridaje
Barone Montalto,Due Mondi Cabernet Sauvignon - Nero d'Avola,3.9,34,6.5,Italia,Sin región,Sin maridaje
Cantina Zaccagnini,Le Terre dell'Abate Montepulciano d'Abruzzo,3.5,180,6.5,Italia,Sin región,Sin maridaje
Cecchi,Chianti,3.7,253,6.5,Italia,Sin región,Sin maridaje
Piccini,Chianti,3.7,146,6.5,Italia,Sin región,Sin maridaje
Piccini,Buon Governo Toscana Governo all'uso,3.7,48,6.5,Italia,Sin región,Sin maridaje
Terre di Rai,Merlot,3.3,63,6.5,Italia,Sin región,Sin maridaje
Sibiliana,Roceno Syrah,3.6,269,6.5,Italia,Sin región,Sin maridaje
Villamedoro,Montepulciano d'Abruzzo,3.5,5230,6.5,Italia,Sin región,Sin maridaje
Azienda Agricola Proietti,Corte Alla Luna Cesanese di Olevano Romano,3.4,155,6.5,Italia,Sin región,Sin maridaje
Sibiliana,Sensale Nero d'Avola,3.7,27,6.5,Italia,Sin región,Sin maridaje
Cusumano,Merlot,3.5,26,6.5,Italia,Sin región,Sin maridaje
Fantini,Fantini Montepulciano d'Abruzzo,3.6,268,6.5,Italia,Sin región,Sin maridaje
Tenute Orestiadi,Molino a Vento Syrah,3.5,1141,6.54,Italia,Sin región,Sin maridaje
Vinosia Luciano Ercolino,Aglianico,3.5,486,6.6,Italia,Sin región,Sin maridaje
Feudi Branciforti dei Bordonaro,Nero d'Avola,3.6,5659,6.6,Italia,Sin región,Sin maridaje
Rallo,Il Principe Nero d'Avola,3.5,25,6.6,Italia,Sin región,Sin maridaje
Feudi Branciforti dei Bordonaro,Merlot,3.5,184,6.6,Italia,Sin región,Sin maridaje
Feudi Branciforti dei Bordonaro,Syrah,3.6,681,6.6,Italia,Sin región,Sin maridaje
Feudi Branciforti dei Bordonaro,Nero d'Avola,3.8,206,6.6,Italia,Sin región,Sin maridaje
Borgo Molino,I Scuri Merlot,3.7,44,6.6,Italia,Sin región,Sin maridaje
Baglio di Pianetto,Syrah,3.6,81,6.65,Italia,Sin región,Sin maridaje
Virgo,Aglianico,3.7,81,6.7,Italia,Sin región,Sin maridaje
Vinosia Luciano Ercolino,Aglianico,3.5,486,6.7,Italia,Sin región,Sin maridaje
Cantina del Dolcetto di Dogliani,Podere Dogliani,3.5,3747,6.7,Italia,Sin región,Sin maridaje
Sibiliana,Roceno Syrah,3.6,269,6.7,Italia,Sin región,Sin maridaje
Terre di Rai,Cabernet Sauvignon,3.4,86,6.7,Italia,Sin región,Sin maridaje
Frescobaldi,Pian di Rémole Rosso,3.4,62,6.71,Italia,Sin región,Sin maridaje
Kellerei Meran Burggräfler,Meraner Burggräfler,3.2,142,6.75,Italia,Sin región,Sin maridaje
Tenute Orestiadi,Molino a Vento Nerello Mascalese,3.7,2241,6.75,Italia,Sin región,Sin maridaje
Duca di Saragnano,Nero di Troia Puglia,4.0,41,6.8,Italia,Sin región,Sin maridaje
Nuraghe Supramonte,Cannonau di Sardegna,3.3,561,6.8,Italia,Sin región,Sin maridaje
Montelliana,Merlot Montello e Colli Asolani,3.4,155,6.8,Italia,Sin región,Sin maridaje
Sibiliana,Roceno Nerello Mascalese,3.5,899,6.8,Italia,Sin región,Sin maridaje
B.IO - bpuntoio,Primitivo,4.0,48,6.81,Italia,Sin región,Sin maridaje
Zenato,Bardolino,3.6,183,6.88,Italia,Sin región,Sin maridaje
Azienda Vinicola Losito e Guarini,Millenovecentodieci Primitivo,3.6,151,6.9,Italia,Sin región,Sin maridaje
Nuraghe Supramonte,Cannonau di Sardegna,3.3,561,6.9,Italia,Sin región,Sin maridaje
Tenute Orestiadi,Syrah,3.6,159,6.9,Italia,Sin región,Sin maridaje
Vinosia Luciano Ercolino,Le Sorbole,3.5,1121,6.9,Italia,Sin región,Sin maridaje
Pasqua Vigneti e Cantine,Bardolino,3.4,3130,6.9,Italia,Sin región,Sin maridaje
Cantine Pellegrino,Tareni del Duca Nero d'Avola,3.6,3988,6.9,Italia,Sin región,Sin maridaje
Bolla,Bardolino Classico,3.4,187,6.9,Italia,Sin región,Sin maridaje
Cellaro,Quattro Borghi Nerello Mascalese,3.9,1620,6.9,Italia,Sin región,Sin maridaje
Cellaro,Quattro Borghi Syrah,3.7,117,6.9,Italia,Sin región,Sin maridaje
Cellaro,Quattro Borghi Nero d'Avola,3.5,394,6.9,Italia,Sin región,Sin maridaje
Tenute Orestiadi,Nero d'Avola Bio,3.8,80,6.9,Italia,Sin región,Sin maridaje
Federici,Ùle (volo) Syrah,3.7,247,6.9,Italia,Sin región,Sin maridaje
Vigneti Reale,Norie Negroamaro,3.9,48,6.9,Italia,Sin región,Sin maridaje
Cantina di Custoza,Terre In Fiore Bardolino,3.4,212,6.9,Italia,Sin región,Sin maridaje
Cantine due Palme,Tenuta San Marco Primitivo,3.6,1347,6.9,Italia,Sin región,Sin maridaje
Pasqua Vigneti e Cantine,Bardolino,3.7,62,6.9,Italia,Sin región,Sin maridaje
Saladini Pilastri,Rosso Piceno,3.6,9860,6.9,Italia,Sin región,Sin maridaje
Costantino,Aria Siciliana Syrah,3.8,58,6.93,Italia,Sin región,Sin maridaje
Loggia dei Sani,Oro dei Sani Chianti,3.6,28,6.94,Italia,Sin región,Sin maridaje
Cantina di Negrar,Corvina Verona,3.7,105,6.95,Italia,Sin región,Sin maridaje
Madaudo 1945,Fermento Siciliano,3.7,155,6.97,Italia,Sin región,Sin maridaje
Grimaldi Luigino,Barbera d'Alba,3.5,489,6.97,Italia,Sin región,Sin maridaje
Cecchi,Chianti Riserva,3.5,54,6.99,Italia,Sin región,Sin maridaje
Zaglia,Refosco dal Peduncolo Rosso,3.5,206,7.0,Italia,Sin región,Sin maridaje
Planeta,La Segreta Il Rosso,3.6,48,7.0,Italia,Sin región,Sin maridaje
Zaglia,Cabernet Franc,3.3,126,7.0,Italia,Sin región,Sin maridaje
Zonin,Merlot Friuli Aquileia,3.5,114,7.0,Italia,Sin región,Sin maridaje
Torrevento,Nero Di Troia Torre Del Falco,3.7,34,7.0,Italia,Sin región,Sin maridaje
Ciù Ciù,Piceno Bacchus,3.8,8254,7.05,Italia,Sin región,Sin maridaje
Dorgali,Bardia Isola dei Nuraghi,3.5,437,7.09,Italia,Sin región,Sin maridaje
Girlan,448 s.l.m. Rosso,3.3,72,7.1,Italia,Sin región,Sin maridaje
Streda Belvedere,Chianti,3.4,114,7.19,Italia,Sin región,Sin maridaje
Vinosia Luciano Ercolino,Piedirosso,3.4,151,7.2,Italia,Sin región,Sin maridaje
Federici,Nero Buono,3.7,40,7.2,Italia,Sin región,Sin maridaje
Azienda Vinicola Losito e Guarini,C'Era Una Volta Il Pinot Noir,3.2,505,7.21,Italia,Sin región,Sin maridaje
Casorzo,Barbera del Monferrato,3.1,48,7.25,Italia,Sin región,Sin maridaje
